  ,precision,recall,f1-score,support
0,0.825117371,0.721765914,0.769989047,1948
1,0.789359862,0.879518072,0.832003647,6225
2,0.769622528,0.675164258,0.719305614,3805
accuracy,0.788946402,0.788946402,0.788946402,0.788946402
macro avg,0.79469992,0.758816081,0.773766103,11978
weighted avg,0.788905284,0.788946402,0.786117818,11978
